Id,Choice
1,0
2,1
3,0
4,0
5,1
6,0
7,1
8,1
9,0
10,1
11,0
12,1
13,1
14,0
15,1
16,1
17,1
18,0
19,1
20,0
21,1
22,0
23,1
24,1
25,0
26,0
27,0
28,0
29,0
30,1
31,0
32,1
33,1
34,1
35,1
36,0
37,0
38,0
39,1
40,0
41,1
42,0
43,0
44,1
45,0
46,1
47,1
48,0
49,0
50,1
51,0
52,0
53,0
54,1
55,1
56,0
57,0
58,0
59,0
60,1
61,0
62,1
63,0
64,0
65,0
66,0
67,0
68,0
69,1
70,1
71,1
72,0
73,0
74,0
75,1
76,1
77,1
78,1
79,0
80,0
81,0
82,0
83,0
84,1
85,0
86,0
87,0
88,0
89,1
90,1
91,0
92,0
93,1
94,1
95,0
96,0
97,1
98,1
99,1
100,0
101,1
102,1
103,1
104,0
105,0
106,1
107,0
108,0
109,0
110,1
111,1
112,0
113,1
114,0
115,1
116,1
117,1
118,1
119,1
120,1
121,1
122,1
123,0
124,1
125,1
126,1
127,1
128,0
129,0
130,1
131,0
132,0
133,0
134,1
135,0
136,1
137,1
138,0
139,1
140,0
141,1
142,1
143,0
144,1
145,0
146,0
147,0
148,0
149,0
150,1
151,0
152,0
153,1
154,1
155,0
156,0
157,1
158,1
159,1
160,0
161,0
162,0
163,1
164,1
165,0
166,0
167,1
168,1
169,0
170,0
171,0
172,0
173,0
174,1
175,0
176,0
177,0
178,1
179,1
180,1
181,0
182,1
183,1
184,1
185,0
186,1
187,0
188,0
189,1
190,1
191,1
192,1
193,0
194,1
195,1
196,1
197,1
198,1
199,1
200,1
201,1
202,1
203,0
204,0
205,1
206,0
207,0
208,1
209,0
210,0
211,1
212,1
213,1
214,1
215,1
216,0
217,1
218,1
219,1
220,0
221,1
222,1
223,0
224,0
225,0
226,0
227,1
228,0
229,1
230,0
231,0
232,0
233,0
234,1
235,1
236,1
237,0
238,1
239,1
240,1
241,1
242,1
243,1
244,1
245,0
246,1
247,0
248,1
249,1
250,1
251,1
252,1
253,0
254,0
255,0
256,0
257,0
258,0
259,0
260,1
261,0
262,1
263,1
264,1
265,1
266,1
267,1
268,0
269,1
270,1
271,0
272,1
273,0
274,0
275,1
276,0
277,1
278,1
279,1
280,0
281,0
282,1
283,1
284,1
285,1
286,1
287,0
288,1
289,1
290,0
291,1
292,1
293,1
294,0
295,1
296,0
297,1
298,1
299,1
300,1
301,0
302,0
303,0
304,0
305,1
306,0
307,0
308,1
309,1
310,0
311,0
312,0
313,0
314,1
315,0
316,1
317,1
318,0
319,0
320,1
321,1
322,1
323,0
324,1
325,1
326,0
327,0
328,1
329,1
330,0
331,0
332,0
333,1
334,0
335,1
336,1
337,0
338,1
339,1
340,1
341,1
342,1
343,1
344,0
345,0
346,0
347,1
348,0
349,1
350,0
351,1
352,0
353,1
354,0
355,1
356,1
357,1
358,1
359,0
360,1
361,0
362,1
363,1
364,0
365,1
366,0
367,0
368,1
369,1
370,1
371,0
372,0
373,1
374,0
375,1
376,1
377,1
378,1
379,0
380,0
381,0
382,1
383,1
384,0
385,0
386,1
387,0
388,0
389,1
390,1
391,1
392,0
393,0
394,0
395,1
396,0
397,1
398,0
399,1
400,0
401,1
402,1
403,0
404,0
405,1
406,1
407,0
408,1
409,1
410,0
411,0
412,0
413,0
414,1
415,1
416,0
417,0
418,0
419,1
420,1
421,0
422,0
423,1
424,0
425,0
426,0
427,0
428,0
429,1
430,1
431,0
432,0
433,1
434,0
435,1
436,1
437,0
438,0
439,0
440,1
441,1
442,1
443,0
444,0
445,1
446,1
447,0
448,1
449,0
450,0
451,0
452,1
453,1
454,1
455,1
456,0
457,0
458,0
459,0
460,0
461,1
462,1
463,1
464,0
465,0
466,0
467,0
468,1
469,1
470,1
471,1
472,1
473,1
474,0
475,0
476,0
477,1
478,1
479,1
480,1
481,1
482,1
483,0
484,1
485,1
486,0
487,0
488,0
489,1
490,1
491,0
492,0
493,1
494,0
495,1
496,1
497,1
498,0
499,1
500,1
501,0
502,0
503,0
504,1
505,1
506,0
507,0
508,1
509,0
510,0
511,0
512,0
513,0
514,0
515,0
516,0
517,0
518,1
519,1
520,0
521,1
522,1
523,1
524,1
525,1
526,1
527,1
528,1
529,1
530,0
531,1
532,1
533,0
534,1
535,0
536,1
537,1
538,1
539,0
540,0
541,0
542,1
543,0
544,1
545,1
546,0
547,1
548,0
549,1
550,0
551,0
552,0
553,1
554,0
555,1
556,0
557,1
558,1
559,1
560,1
561,1
562,0
563,1
564,1
565,1
566,0
567,1
568,0
569,0
570,1
571,1
572,0
573,1
574,0
575,1
576,0
577,0
578,1
579,0
580,1
581,1
582,1
583,0
584,0
585,0
586,1
587,1
588,0
589,0
590,0
591,0
592,1
593,0
594,0
595,1
596,0
597,1
598,1
599,0
600,1
601,0
602,1
603,0
604,1
605,0
606,0
607,1
608,0
609,0
610,1
611,1
612,0
613,1
614,0
615,1
616,0
617,0
618,0
619,1
620,1
621,1
622,0
623,1
624,1
625,0
626,1
627,1
628,0
629,0
630,1
631,0
632,1
633,0
634,0
635,1
636,1
637,0
638,1
639,1
640,0
641,1
642,0
643,0
644,1
645,1
646,1
647,0
648,0
649,1
650,1
651,1
652,0
653,1
654,0
655,0
656,1
657,0
658,0
659,0
660,1
661,0
662,1
663,1
664,1
665,1
666,0
667,0
668,1
669,1
670,1
671,1
672,0
673,0
674,1
675,1
676,0
677,1
678,0
679,0
680,1
681,1
682,1
683,0
684,1
685,1
686,0
687,0
688,0
689,0
690,1
691,1
692,0
693,1
694,1
695,0
696,1
697,1
698,1
699,0
700,1
701,0
702,0
703,0
704,0
705,1
706,0
707,0
708,0
709,1
710,1
711,0
712,0
713,0
714,0
715,0
716,1
717,1
718,1
719,0
720,0
721,0
722,0
723,0
724,0
725,0
726,1
727,0
728,0
729,0
730,0
731,0
732,1
733,1
734,1
735,0
736,1
737,0
738,0
739,0
740,0
741,1
742,1
743,0
744,1
745,0
746,1
747,0
748,0
749,1
750,1
751,0
752,1
753,0
754,1
755,0
756,1
757,1
758,0
759,0
760,1
761,0
762,1
763,1
764,0
765,0
766,0
767,0
768,0
769,1
770,1
771,0
772,0
773,0
774,1
775,0
776,0
777,0
778,1
779,0
780,0
781,1
782,1
783,1
784,0
785,1
786,1
787,1
788,0
789,0
790,1
791,1
792,0
793,0
794,0
795,1
796,1
797,0
798,0
799,0
800,0
801,1
802,1
803,0
804,1
805,0
806,0
807,0
808,1
809,1
810,0
811,0
812,1
813,0
814,1
815,1
816,0
817,1
818,1
819,0
820,0
821,0
822,1
823,1
824,0
825,0
826,0
827,0
828,1
829,0
830,1
831,0
832,1
833,1
834,1
835,0
836,0
837,1
838,1
839,0
840,0
841,0
842,0
843,0
844,0
845,1
846,1
847,1
848,0
849,0
850,1
851,0
852,1
853,1
854,1
855,0
856,1
857,1
858,1
859,1
860,1
861,1
862,0
863,1
864,0
865,1
866,0
867,1
868,1
869,1
870,0
871,1
872,0
873,1
874,1
875,0
876,1
877,1
878,0
879,1
880,1
881,1
882,1
883,1
884,0
885,1
886,0
887,0
888,0
889,1
890,0
891,1
892,0
893,1
894,0
895,1
896,1
897,0
898,0
899,0
900,0
901,0
902,1
903,1
904,1
905,1
906,1
907,0
908,0
909,1
910,1
911,1
912,1
913,1
914,0
915,0
916,0
917,0
918,0
919,1
920,1
921,1
922,0
923,0
924,0
925,0
926,0
927,0
928,1
929,0
930,1
931,0
932,0
933,0
934,1
935,1
936,0
937,0
938,0
939,1
940,0
941,0
942,1
943,0
944,0
945,1
946,0
947,0
948,0
949,0
950,0
951,0
952,1
953,0
954,0
955,0
956,1
957,1
958,0
959,1
960,0
961,1
962,1
963,1
964,0
965,1
966,1
967,1
968,1
969,0
970,1
971,0
972,1
973,1
974,1
975,0
976,0
977,0
978,0
979,1
980,1
981,1
982,0
983,0
984,1
985,1
986,0
987,0
988,0
989,1
990,1
991,0
992,1
993,1
994,0
995,0
996,1
997,1
998,1
999,1
1000,0
1001,1
1002,0
1003,1
1004,0
1005,1
1006,1
1007,0
1008,1
1009,1
1010,1
1011,1
1012,0
1013,0
1014,1
1015,0
1016,1
1017,0
1018,0
1019,1
1020,1
1021,0
1022,0
1023,1
1024,0
1025,1
1026,0
1027,0
1028,0
1029,0
1030,0
1031,0
1032,1
1033,1
1034,1
1035,1
1036,0
1037,1
1038,1
1039,1
1040,0
1041,0
1042,1
1043,1
1044,0
1045,1
1046,1
1047,0
1048,0
1049,1
1050,1
1051,1
1052,0
1053,0
1054,0
1055,0
1056,0
1057,0
1058,1
1059,0
1060,1
1061,1
1062,0
1063,1
1064,1
1065,0
1066,1
1067,1
1068,1
1069,1
1070,1
1071,1
1072,1
1073,0
1074,0
1075,0
1076,1
1077,1
1078,0
1079,0
1080,0
1081,1
1082,0
1083,1
1084,0
1085,0
1086,0
1087,0
1088,0
1089,0
1090,1
1091,0
1092,1
1093,1
1094,1
1095,0
1096,1
1097,1
1098,1
1099,1
1100,1
1101,1
1102,0
1103,1
1104,1
1105,1
1106,0
1107,1
1108,0
1109,0
1110,1
1111,0
1112,1
1113,0
1114,1
1115,0
1116,1
1117,0
1118,0
1119,0
1120,0
1121,1
1122,0
1123,0
1124,1
1125,1
1126,0
1127,0
1128,0
1129,0
1130,0
1131,0
1132,1
1133,0
1134,1
1135,0
1136,0
1137,0
1138,0
1139,1
1140,0
1141,1
1142,0
1143,0
1144,0
1145,1
1146,1
1147,1
1148,0
1149,1
1150,1
1151,0
1152,0
1153,1
1154,0
1155,1
1156,1
1157,0
1158,0
1159,0
1160,1
1161,0
1162,0
1163,0
1164,1
1165,1
1166,0
1167,0
1168,0
1169,0
1170,0
1171,0
1172,0
1173,0
1174,0
1175,1
1176,0
1177,1
1178,0
1179,0
1180,1
1181,1
1182,0
1183,1
1184,0
1185,0
1186,0
1187,0
1188,0
1189,1
1190,0
1191,0
1192,0
1193,1
1194,1
1195,0
1196,1
1197,0
1198,0
1199,1
1200,1
1201,0
1202,0
1203,1
1204,1
1205,1
1206,0
1207,1
1208,0
1209,1
1210,1
1211,0
1212,1
1213,0
1214,0
1215,1
1216,0
1217,0
1218,0
1219,1
1220,1
1221,1
1222,1
1223,1
1224,0
1225,0
1226,1
1227,0
1228,0
1229,1
1230,1
1231,1
1232,1
1233,0
1234,0
1235,0
1236,0
1237,0
1238,0
1239,0
1240,0
1241,0
1242,0
1243,0
1244,0
1245,0
1246,1
1247,1
1248,1
1249,1
1250,1
1251,0
1252,0
1253,0
1254,1
1255,0
1256,1
1257,1
1258,1
1259,1
1260,0
1261,1
1262,0
1263,0
1264,0
1265,0
1266,0
1267,1
1268,0
1269,1
1270,1
1271,0
1272,1
1273,1
1274,0
1275,0
1276,0
1277,1
1278,1
1279,1
1280,1
1281,0
1282,0
1283,1
1284,1
1285,0
1286,1
1287,0
1288,1
1289,0
1290,0
1291,1
1292,0
1293,0
1294,0
1295,1
1296,1
1297,0
1298,0
1299,0
1300,1
1301,0
1302,0
1303,0
1304,0
1305,1
1306,1
1307,1
1308,0
1309,1
1310,0
1311,1
1312,0
1313,0
1314,0
1315,0
1316,1
1317,1
1318,1
1319,1
1320,1
1321,1
1322,1
1323,0
1324,1
1325,0
1326,1
1327,0
1328,0
1329,0
1330,1
1331,0
1332,1
1333,1
1334,1
1335,1
1336,0
1337,1
1338,0
1339,0
1340,1
1341,0
1342,0
1343,0
1344,0
1345,1
1346,1
1347,0
1348,0
1349,1
1350,1
1351,0
1352,0
1353,1
1354,1
1355,0
1356,0
1357,0
1358,1
1359,1
1360,1
1361,1
1362,1
1363,1
1364,0
1365,1
1366,0
1367,1
1368,0
1369,0
1370,1
1371,0
1372,0
1373,1
1374,1
1375,1
1376,1
1377,0
1378,1
1379,1
1380,1
1381,0
1382,0
1383,1
1384,0
1385,0
1386,0
1387,0
1388,0
1389,1
1390,0
1391,0
1392,1
1393,1
1394,0
1395,0
1396,1
1397,1
1398,0
1399,1
1400,0
1401,0
1402,0
1403,1
1404,0
1405,1
1406,1
1407,1
1408,0
1409,0
1410,1
1411,1
1412,0
1413,0
1414,0
1415,0
1416,1
1417,1
1418,0
1419,1
1420,1
1421,1
1422,0
1423,0
1424,1
1425,1
1426,1
1427,1
1428,0
1429,1
1430,1
1431,1
1432,1
1433,0
1434,0
1435,1
1436,1
1437,0
1438,1
1439,1
1440,1
1441,1
1442,0
1443,1
1444,0
1445,1
1446,1
1447,1
1448,1
1449,0
1450,0
1451,0
1452,1
1453,1
1454,0
1455,0
1456,1
1457,1
1458,1
1459,0
1460,0
1461,1
1462,0
1463,0
1464,1
1465,0
1466,1
1467,0
1468,0
1469,1
1470,1
1471,1
1472,0
1473,1
1474,1
1475,1
1476,1
1477,0
1478,1
1479,0
1480,1
1481,1
1482,1
1483,0
1484,1
1485,0
1486,0
1487,1
1488,1
1489,1
1490,1
1491,1
1492,0
1493,1
1494,1
1495,0
1496,1
1497,1
1498,0
1499,1
1500,0
1501,0
1502,0
1503,1
1504,1
1505,1
1506,0
1507,1
1508,1
1509,0
1510,1
1511,0
1512,1
1513,1
1514,1
1515,1
1516,1
1517,1
1518,1
1519,0
1520,1
1521,0
1522,1
1523,1
1524,0
1525,0
1526,1
1527,0
1528,1
1529,1
1530,1
1531,1
1532,1
1533,0
1534,0
1535,1
1536,0
1537,0
1538,1
1539,1
1540,0
1541,1
1542,0
1543,0
1544,1
1545,1
1546,1
1547,1
1548,0
1549,1
1550,0
1551,1
1552,0
1553,1
1554,1
1555,0
1556,0
1557,0
1558,1
1559,1
1560,1
1561,0
1562,0
1563,0
1564,0
1565,0
1566,0
1567,1
1568,1
1569,0
1570,1
1571,1
1572,0
1573,1
1574,1
1575,1
1576,1
1577,0
1578,0
1579,0
1580,1
1581,0
1582,1
1583,1
1584,0
1585,0
1586,0
1587,1
1588,1
1589,1
1590,1
1591,0
1592,1
1593,1
1594,1
1595,0
1596,0
1597,1
1598,1
1599,0
1600,0
1601,0
1602,1
1603,1
1604,1
1605,0
1606,0
1607,1
1608,1
1609,0
1610,1
1611,1
1612,1
1613,0
1614,1
1615,0
1616,0
1617,1
1618,0
1619,1
1620,0
1621,1
1622,0
1623,0
1624,0
1625,0
1626,1
1627,0
1628,1
1629,0
1630,1
1631,1
1632,1
1633,0
1634,0
1635,1
1636,1
1637,0
1638,1
1639,0
1640,1
1641,1
1642,1
1643,1
1644,1
1645,0
1646,1
1647,1
1648,1
1649,1
1650,0
1651,0
1652,1
1653,1
1654,0
1655,1
1656,1
1657,0
1658,1
1659,0
1660,0
1661,1
1662,1
1663,0
1664,1
1665,1
1666,1
1667,0
1668,0
1669,0
1670,0
1671,1
1672,1
1673,0
1674,0
1675,1
1676,0
1677,0
1678,1
1679,1
1680,0
1681,1
1682,1
1683,0
1684,1
1685,0
1686,1
1687,1
1688,0
1689,1
1690,0
1691,1
1692,0
1693,1
1694,0
1695,1
1696,1
1697,0
1698,0
1699,1
1700,1
1701,1
1702,0
1703,0
1704,1
1705,0
1706,0
1707,0
1708,0
1709,1
1710,0
1711,1
1712,0
1713,1
1714,1
1715,0
1716,1
1717,1
1718,1
1719,1
1720,1
1721,0
1722,0
1723,0
1724,0
1725,0
1726,1
1727,0
1728,1
1729,1
1730,1
1731,0
1732,0
1733,0
1734,0
1735,1
1736,1
1737,1
1738,0
1739,0
1740,1
1741,1
1742,1
1743,1
1744,0
1745,1
1746,1
1747,1
1748,0
1749,0
1750,0
1751,1
1752,0
1753,1
1754,0
1755,0
1756,1
1757,1
1758,0
1759,0
1760,0
1761,1
1762,1
1763,0
1764,0
1765,0
1766,1
1767,0
1768,1
1769,1
1770,0
1771,1
1772,0
1773,0
1774,1
1775,1
1776,0
1777,1
1778,1
1779,1
1780,0
1781,0
1782,1
1783,1
1784,0
1785,0
1786,1
1787,0
1788,1
1789,1
1790,0
1791,0
1792,0
1793,1
1794,0
1795,1
1796,1
1797,1
1798,0
1799,0
1800,0
1801,0
1802,1
1803,1
1804,1
1805,1
1806,1
1807,1
1808,1
1809,1
1810,0
1811,0
1812,1
1813,0
1814,1
1815,0
1816,0
1817,0
1818,1
1819,0
1820,1
1821,1
1822,0
1823,0
1824,1
1825,1
1826,1
1827,1
1828,1
1829,0
1830,1
1831,0
1832,0
1833,1
1834,0
1835,0
1836,1
1837,1
1838,0
1839,0
1840,1
1841,1
1842,0
1843,1
1844,0
1845,1
1846,0
1847,1
1848,0
1849,0
1850,1
1851,0
1852,1
1853,0
1854,0
1855,0
1856,0
1857,0
1858,0
1859,0
1860,1
1861,1
1862,0
1863,1
1864,1
1865,1
1866,0
1867,0
1868,0
1869,1
1870,0
1871,1
1872,0
1873,0
1874,0
1875,1
1876,0
1877,0
1878,0
1879,0
1880,0
1881,0
1882,0
1883,0
1884,0
1885,0
1886,1
1887,0
1888,0
1889,0
1890,0
1891,1
1892,0
1893,0
1894,0
1895,1
1896,0
1897,0
1898,1
1899,1
1900,0
1901,0
1902,0
1903,0
1904,0
1905,0
1906,1
1907,1
1908,0
1909,1
1910,0
1911,0
1912,1
1913,0
1914,0
1915,0
1916,0
1917,0
1918,1
1919,0
1920,0
1921,1
1922,1
1923,0
1924,1
1925,0
1926,0
1927,0
1928,1
1929,1
1930,1
1931,1
1932,1
1933,1
1934,1
1935,1
1936,1
1937,1
1938,1
1939,1
1940,1
1941,1
1942,0
1943,1
1944,0
1945,1
1946,0
1947,1
1948,0
1949,0
1950,0
1951,0
1952,0
1953,0
1954,1
1955,1
1956,1
1957,1
1958,0
1959,0
1960,1
1961,0
1962,0
1963,1
1964,1
1965,0
1966,0
1967,1
1968,1
1969,1
1970,0
1971,0
1972,1
1973,0
1974,1
1975,0
1976,0
1977,1
1978,0
1979,1
1980,1
1981,0
1982,0
1983,0
1984,1
1985,1
1986,0
1987,1
1988,1
1989,0
1990,1
1991,0
1992,1
1993,0
1994,0
1995,1
1996,0
1997,0
1998,1
1999,0
2000,0
2001,0
2002,0
2003,1
2004,0
2005,1
2006,0
2007,0
2008,0
2009,0
2010,1
2011,1
2012,0
2013,0
2014,1
2015,1
2016,0
2017,1
2018,1
2019,1
2020,0
2021,1
2022,1
2023,0
2024,0
2025,0
2026,1
2027,0
2028,0
2029,1
2030,1
2031,0
2032,1
2033,1
2034,0
2035,1
2036,0
2037,0
2038,1
2039,1
2040,1
2041,0
2042,1
2043,1
2044,0
2045,1
2046,0
2047,1
2048,1
2049,1
2050,0
2051,1
2052,1
2053,0
2054,1
2055,1
2056,1
2057,0
2058,1
2059,0
2060,1
2061,0
2062,0
2063,1
2064,1
2065,1
2066,1
2067,1
2068,1
2069,0
2070,0
2071,0
2072,0
2073,1
2074,1
2075,0
2076,0
2077,1
2078,0
2079,1
2080,1
2081,1
2082,0
2083,1
2084,0
2085,0
2086,0
2087,1
2088,1
2089,0
2090,0
2091,0
2092,0
2093,0
2094,0
2095,0
2096,0
2097,1
2098,1
2099,1
2100,1
2101,0
2102,1
2103,0
2104,0
2105,0
2106,1
2107,0
2108,0
2109,1
2110,1
2111,1
2112,0
2113,0
2114,0
2115,0
2116,1
2117,0
2118,0
2119,1
2120,0
2121,0
2122,1
2123,0
2124,1
2125,1
2126,0
2127,1
2128,1
2129,1
2130,0
2131,0
2132,0
2133,0
2134,0
2135,1
2136,0
2137,0
2138,1
2139,1
2140,0
2141,1
2142,0
2143,0
2144,0
2145,1
2146,0
2147,0
2148,1
2149,0
2150,1
2151,1
2152,0
2153,0
2154,0
2155,1
2156,0
2157,0
2158,0
2159,1
2160,0
2161,1
2162,0
2163,0
2164,0
2165,1
2166,1
2167,1
2168,0
2169,0
2170,1
2171,0
2172,0
2173,0
2174,0
2175,1
2176,0
2177,0
2178,1
2179,1
2180,1
2181,0
2182,0
2183,0
2184,0
2185,0
2186,1
2187,0
2188,0
2189,1
2190,0
2191,0
2192,0
2193,1
2194,1
2195,1
2196,0
2197,1
2198,0
2199,0
2200,1
2201,1
2202,1
2203,1
2204,1
2205,0
2206,0
2207,1
2208,1
2209,0
2210,1
2211,0
2212,1
2213,0
2214,1
2215,1
2216,0
2217,1
2218,0
2219,1
2220,1
2221,1
2222,1
2223,1
2224,1
2225,0
2226,1
2227,0
2228,0
2229,0
2230,1
2231,1
2232,1
2233,1
2234,1
2235,1
2236,1
2237,1
2238,0
2239,1
2240,1
2241,1
2242,1
2243,1
2244,0
2245,0
2246,1
2247,1
2248,1
2249,0
2250,1
2251,1
2252,0
2253,0
2254,1
2255,1
2256,1
2257,0
2258,1
2259,0
2260,1
2261,0
2262,0
2263,1
2264,1
2265,0
2266,0
2267,0
2268,1
2269,1
2270,0
2271,0
2272,0
2273,1
2274,1
2275,1
2276,0
2277,0
2278,0
2279,1
2280,1
2281,0
2282,1
2283,1
2284,0
2285,1
2286,0
2287,0
2288,0
2289,0
2290,0
2291,0
2292,1
2293,0
2294,0
2295,1
2296,0
2297,1
2298,0
2299,1
2300,1
2301,1
2302,1
2303,1
2304,0
2305,1
2306,0
2307,1
2308,1
2309,0
2310,0
2311,0
2312,0
2313,1
2314,0
2315,0
2316,1
2317,0
2318,1
2319,0
2320,0
2321,1
2322,0
2323,1
2324,1
2325,1
2326,1
2327,0
2328,1
2329,0
2330,1
2331,0
2332,0
2333,0
2334,1
2335,1
2336,1
2337,1
2338,1
2339,0
2340,0
2341,1
2342,0
2343,1
2344,1
2345,0
2346,1
2347,0
2348,0
2349,1
2350,1
2351,0
2352,0
2353,0
2354,1
2355,1
2356,1
2357,1
2358,1
2359,1
2360,1
2361,1
2362,1
2363,1
2364,0
2365,0
2366,0
2367,0
2368,1
2369,1
2370,0
2371,1
2372,1
2373,0
2374,0
2375,1
2376,1
2377,1
2378,0
2379,1
2380,0
2381,1
2382,1
2383,0
2384,0
2385,0
2386,1
2387,1
2388,1
2389,0
2390,0
2391,0
2392,0
2393,1
2394,1
2395,0
2396,0
2397,0
2398,0
2399,0
2400,1
2401,0
2402,1
2403,0
2404,1
2405,0
2406,0
2407,1
2408,0
2409,0
2410,0
2411,0
2412,0
2413,0
2414,1
2415,1
2416,0
2417,1
2418,1
2419,0
2420,1
2421,0
2422,1
2423,0
2424,0
2425,0
2426,0
2427,1
2428,1
2429,1
2430,0
2431,1
2432,0
2433,0
2434,1
2435,1
2436,1
2437,0
2438,0
2439,1
2440,0
2441,1
2442,1
2443,0
2444,1
2445,1
2446,0
2447,0
2448,1
2449,0
2450,0
2451,0
2452,1
2453,1
2454,1
2455,0
2456,1
2457,0
2458,0
2459,1
2460,1
2461,1
2462,1
2463,1
2464,0
2465,1
2466,0
2467,0
2468,1
2469,0
2470,0
2471,1
2472,1
2473,1
2474,1
2475,0
2476,1
2477,1
2478,1
2479,0
2480,1
2481,0
2482,0
2483,0
2484,1
2485,1
2486,0
2487,1
2488,0
2489,0
2490,1
2491,1
2492,1
2493,1
2494,1
2495,0
2496,1
2497,0
2498,0
2499,0
2500,0
2501,0
2502,1
2503,0
2504,1
2505,0
2506,0
2507,0
2508,1
2509,1
2510,0
2511,0
2512,1
2513,0
2514,0
2515,1
2516,0
2517,0
2518,0
2519,0
2520,1
2521,1
2522,0
2523,1
2524,0
2525,1
2526,0
2527,0
2528,1
2529,0
2530,0
2531,0
2532,1
2533,1
2534,1
2535,1
2536,0
2537,1
2538,1
2539,1
2540,1
2541,1
2542,0
2543,1
2544,0
2545,0
2546,0
2547,0
2548,1
2549,1
2550,1
2551,1
2552,1
2553,1
2554,1
2555,0
2556,1
2557,0
2558,1
2559,0
2560,1
2561,0
2562,0
2563,0
2564,0
2565,1
2566,1
2567,0
2568,0
2569,0
2570,1
2571,1
2572,1
2573,0
2574,0
2575,1
2576,0
2577,1
2578,0
2579,1
2580,0
2581,1
2582,0
2583,0
2584,1
2585,0
2586,0
2587,0
2588,1
2589,0
2590,1
2591,1
2592,1
2593,0
2594,1
2595,1
2596,1
2597,0
2598,0
2599,0
2600,1
2601,1
2602,0
2603,0
2604,1
2605,1
2606,0
2607,0
2608,0
2609,1
2610,0
2611,1
2612,1
2613,0
2614,1
2615,0
2616,0
2617,0
2618,1
2619,1
2620,0
2621,0
2622,1
2623,1
2624,0
2625,1
2626,0
2627,0
2628,0
2629,1
2630,1
2631,1
2632,1
2633,1
2634,0
2635,1
2636,1
2637,0
2638,1
2639,0
2640,1
2641,1
2642,0
2643,0
2644,1
2645,0
2646,1
2647,1
2648,0
2649,1
2650,0
2651,1
2652,1
2653,1
2654,0
2655,1
2656,1
2657,1
2658,1
2659,1
2660,0
2661,1
2662,1
2663,0
2664,0
2665,1
2666,0
2667,0
2668,1
2669,0
2670,0
2671,1
2672,0
2673,0
2674,0
2675,0
2676,0
2677,0
2678,0
2679,0
2680,1
2681,0
2682,0
2683,1
2684,0
2685,0
2686,0
2687,0
2688,1
2689,0
2690,0
2691,1
2692,1
2693,0
2694,0
2695,0
2696,1
2697,0
2698,1
2699,1
2700,1
2701,1
2702,0
2703,1
2704,1
2705,1
2706,0
2707,0
2708,1
2709,0
2710,1
2711,0
2712,1
2713,1
2714,0
2715,0
2716,0
2717,0
2718,1
2719,1
2720,0
2721,1
2722,1
2723,0
2724,0
2725,0
2726,1
2727,1
2728,1
2729,0
2730,1
2731,1
2732,1
2733,0
2734,0
2735,0
2736,0
2737,1
2738,0
2739,0
2740,1
2741,1
2742,1
2743,1
2744,1
2745,0
2746,0
2747,1
2748,1
2749,0
2750,0
2751,1
2752,0
2753,0
2754,0
2755,0
2756,1
2757,1
2758,0
2759,1
2760,0
2761,0
2762,0
2763,1
2764,0
2765,0
2766,1
2767,1
2768,1
2769,1
2770,0
2771,0
2772,0
2773,1
2774,0
2775,1
2776,0
2777,1
2778,0
2779,0
2780,1
2781,0
2782,0
2783,0
2784,0
2785,1
2786,1
2787,0
2788,1
2789,1
2790,1
2791,0
2792,0
2793,0
2794,0
2795,1
2796,0
2797,0
2798,0
2799,1
2800,0
2801,1
2802,1
2803,0
2804,0
2805,1
2806,1
2807,0
2808,0
2809,1
2810,1
2811,0
2812,1
2813,1
2814,1
2815,1
2816,1
2817,1
2818,1
2819,1
2820,0
2821,0
2822,0
2823,1
2824,1
2825,1
2826,1
2827,0
2828,0
2829,0
2830,0
2831,0
2832,1
2833,0
2834,0
2835,0
2836,1
2837,1
2838,0
2839,0
2840,0
2841,1
2842,0
2843,1
2844,0
2845,1
2846,1
2847,1
2848,0
2849,1
2850,1
2851,1
2852,1
2853,0
2854,1
2855,0
2856,1
2857,1
2858,1
2859,0
2860,0
2861,0
2862,0
2863,0
2864,1
2865,1
2866,1
2867,1
2868,1
2869,0
2870,0
2871,1
2872,0
2873,0
2874,1
2875,1
2876,0
2877,0
2878,1
2879,1
2880,1
2881,1
2882,1
2883,0
2884,0
2885,0
2886,1
2887,0
2888,0
2889,0
2890,1
2891,1
2892,0
2893,0
2894,0
2895,1
2896,0
2897,1
2898,0
2899,0
2900,1
2901,0
2902,0
2903,1
2904,1
2905,0
2906,1
2907,1
2908,1
2909,1
2910,1
2911,0
2912,1
2913,0
2914,1
2915,0
2916,0
2917,1
2918,0
2919,1
2920,1
2921,0
2922,1
2923,1
2924,1
2925,1
2926,0
2927,1
2928,1
2929,0
2930,0
2931,1
2932,0
2933,1
2934,0
2935,1
2936,0
2937,0
2938,0
2939,0
2940,1
2941,0
2942,0
2943,1
2944,0
2945,1
2946,0
2947,0
2948,0
2949,1
2950,0
2951,1
2952,1
2953,0
2954,1
2955,1
2956,1
2957,1
2958,0
2959,1
2960,1
2961,0
2962,0
2963,1
2964,1
2965,1
2966,0
2967,0
2968,0
2969,0
2970,1
2971,0
2972,1
2973,1
2974,1
2975,0
2976,1
2977,1
2978,1
2979,1
2980,0
2981,1
2982,0
2983,0
2984,1
2985,1
2986,0
2987,1
2988,0
2989,1
2990,1
2991,0
2992,0
2993,0
2994,0
2995,1
2996,0
2997,1
2998,0
2999,1
3000,0
3001,0
3002,0
3003,0
3004,0
3005,1
3006,1
3007,0
3008,1
3009,1
3010,1
3011,1
3012,1
3013,0
3014,1
3015,0
3016,1
3017,0
3018,1
3019,0
3020,1
3021,1
3022,0
3023,1
3024,1
3025,0
3026,1
3027,0
3028,1
3029,1
3030,0
3031,1
3032,1
3033,1
3034,0
3035,1
3036,1
3037,0
3038,0
3039,0
3040,1
3041,0
3042,0
3043,1
3044,0
3045,0
3046,1
3047,0
3048,1
3049,1
3050,0
3051,0
3052,1
3053,1
3054,1
3055,0
3056,0
3057,1
3058,1
3059,1
3060,1
3061,1
3062,0
3063,0
3064,0
3065,1
3066,1
3067,1
3068,1
3069,0
3070,0
3071,0
3072,1
3073,0
3074,0
3075,0
3076,1
3077,0
3078,1
3079,1
3080,1
3081,1
3082,1
3083,0
3084,0
3085,1
3086,0
3087,1
3088,0
3089,0
3090,1
3091,0
3092,1
3093,1
3094,1
3095,0
3096,0
3097,1
3098,1
3099,1
3100,1
3101,1
3102,0
3103,0
3104,0
3105,1
3106,0
3107,0
3108,0
3109,0
3110,1
3111,1
3112,0
3113,0
3114,1
3115,0
3116,1
3117,0
3118,0
3119,1
3120,1
3121,0
3122,0
3123,0
3124,0
3125,0
3126,1
3127,1
3128,1
3129,1
3130,1
3131,0
3132,1
3133,1
3134,1
3135,1
3136,1
3137,1
3138,1
3139,0
3140,0
3141,1
3142,0
3143,1
3144,1
3145,0
3146,0
3147,1
3148,1
3149,0
3150,1
3151,0
3152,1
3153,0
3154,1
3155,0
3156,0
3157,1
3158,1
3159,0
3160,1
3161,1
3162,1
3163,0
3164,0
3165,1
3166,0
3167,1
3168,1
3169,0
3170,1
3171,1
3172,0
3173,0
3174,1
3175,0
3176,0
3177,1
3178,1
3179,1
3180,0
3181,1
3182,1
3183,0
3184,0
3185,0
3186,0
3187,1
3188,0
3189,0
3190,1
3191,0
3192,1
3193,1
3194,0
3195,0
3196,1
3197,0
3198,1
3199,0
3200,0
3201,1
3202,0
3203,0
3204,0
3205,0
3206,0
3207,1
3208,1
3209,1
3210,0
3211,1
3212,0
3213,1
3214,1
3215,0
3216,1
3217,0
3218,1
3219,0
3220,1
3221,0
3222,1
3223,0
3224,1
3225,0
3226,0
3227,1
3228,0
3229,0
3230,1
3231,0
3232,0
3233,0
3234,0
3235,1
3236,0
3237,0
3238,0
3239,0
3240,0
3241,0
3242,1
3243,0
3244,1
3245,1
3246,0
3247,1
3248,1
3249,1
3250,1
3251,1
3252,0
3253,0
3254,1
3255,1
3256,1
3257,0
3258,0
3259,0
3260,1
3261,1
3262,0
3263,1
3264,0
3265,0
3266,0
3267,1
3268,1
3269,0
3270,0
3271,0
3272,0
3273,0
3274,1
3275,1
3276,0
3277,1
3278,1
3279,0
3280,1
3281,1
3282,1
3283,1
3284,1
3285,1
3286,0
3287,0
3288,0
3289,0
3290,0
3291,1
3292,0
3293,1
3294,1
3295,1
3296,0
3297,1
3298,0
3299,0
3300,0
3301,0
3302,0
3303,0
3304,0
3305,0
3306,0
3307,0
3308,1
3309,1
3310,0
3311,0
3312,1
3313,1
3314,0
3315,1
3316,1
3317,0
3318,1
3319,1
3320,0
3321,0
3322,0
3323,0
3324,0
3325,1
3326,1
3327,1
3328,0
3329,0
3330,0
3331,1
3332,0
3333,1
3334,1
3335,0
3336,1
3337,0
3338,0
3339,1
3340,0
3341,0
3342,1
3343,0
3344,1
3345,0
3346,0
3347,0
3348,0
3349,1
3350,1
3351,0
3352,1
3353,1
3354,0
3355,0
3356,1
3357,1
3358,0
3359,0
3360,1
3361,0
3362,0
3363,1
3364,0
3365,0
3366,1
3367,0
3368,0
3369,0
3370,0
3371,1
3372,0
3373,1
3374,0
3375,1
3376,0
3377,0
3378,1
3379,1
3380,0
3381,1
3382,0
3383,0
3384,1
3385,1
3386,0
3387,1
3388,0
3389,1
3390,1
3391,0
3392,0
3393,1
3394,1
3395,0
3396,1
3397,1
3398,0
3399,1
3400,0
3401,1
3402,0
3403,0
3404,0
3405,1
3406,0
3407,0
3408,0
3409,1
3410,1
3411,1
3412,0
3413,1
3414,1
3415,1
3416,1
3417,1
3418,1
3419,0
3420,0
3421,0
3422,1
3423,0
3424,1
3425,0
3426,0
3427,0
3428,1
3429,0
3430,0
3431,1
3432,1
3433,1
3434,0
3435,1
3436,0
3437,1
3438,0
3439,1
3440,0
3441,1
3442,0
3443,0
3444,0
3445,1
3446,1
3447,1
3448,0
3449,0
3450,0
3451,1
3452,1
3453,0
3454,0
3455,0
3456,0
3457,1
3458,1
3459,1
3460,0
3461,1
3462,0
3463,0
3464,1
3465,0
3466,1
3467,1
3468,0
3469,0
3470,0
3471,0
3472,1
3473,0
3474,0
3475,1
3476,1
3477,0
3478,0
3479,1
3480,0
3481,1
3482,0
3483,1
3484,1
3485,0
3486,1
3487,0
3488,0
3489,0
3490,1
3491,1
3492,1
3493,1
3494,1
3495,0
3496,0
3497,0
3498,1
3499,0
3500,0
3501,0
3502,0
3503,0
3504,0
3505,1
3506,1
3507,0
3508,0
3509,1
3510,1
3511,1
3512,1
3513,0
3514,0
3515,1
3516,1
3517,1
3518,0
3519,0
3520,1
3521,0
3522,1
3523,0
3524,1
3525,0
3526,0
3527,0
3528,0
3529,1
3530,1
3531,1
3532,1
3533,0
3534,1
3535,1
3536,1
3537,1
3538,0
3539,1
3540,0
3541,1
3542,0
3543,0
3544,1
3545,1
3546,0
3547,1
3548,1
3549,1
3550,0
3551,0
3552,0
3553,1
3554,0
3555,0
3556,1
3557,1
3558,1
3559,1
3560,1
3561,0
3562,0
3563,1
3564,0
3565,0
3566,1
3567,1
3568,1
3569,1
3570,0
3571,1
3572,1
3573,1
3574,1
3575,0
3576,0
3577,0
3578,0
3579,0
3580,0
3581,0
3582,1
3583,1
3584,1
3585,1
3586,0
3587,0
3588,0
3589,0
3590,1
3591,1
3592,0
3593,0
3594,0
3595,1
3596,1
3597,0
3598,1
3599,0
3600,0
3601,0
3602,0
3603,1
3604,0
3605,1
3606,0
3607,1
3608,0
3609,0
3610,1
3611,0
3612,0
3613,0
3614,1
3615,1
3616,1
3617,1
3618,1
3619,1
3620,0
3621,0
3622,0
3623,1
3624,1
3625,1
3626,1
3627,0
3628,0
3629,1
3630,0
3631,1
3632,0
3633,0
3634,1
3635,1
3636,1
3637,1
3638,1
3639,0
3640,1
3641,0
3642,1
3643,0
3644,1
3645,0
3646,0
3647,1
3648,1
3649,1
3650,1
3651,0
3652,1
3653,0
3654,0
3655,1
3656,0
3657,1
3658,1
3659,0
3660,1
3661,1
3662,0
3663,0
3664,1
3665,1
3666,0
3667,1
3668,0
3669,0
3670,0
3671,1
3672,1
3673,0
3674,0
3675,1
3676,1
3677,0
3678,1
3679,0
3680,1
3681,0
3682,0
3683,1
3684,0
3685,1
3686,0
3687,1
3688,1
3689,1
3690,1
3691,0
3692,1
3693,0
3694,1
3695,1
3696,0
3697,0
3698,1
3699,1
3700,1
3701,1
3702,0
3703,1
3704,0
3705,1
3706,0
3707,0
3708,1
3709,1
3710,0
3711,1
3712,0
3713,1
3714,0
3715,1
3716,1
3717,0
3718,1
3719,1
3720,1
3721,0
3722,1
3723,1
3724,0
3725,0
3726,0
3727,0
3728,0
3729,1
3730,1
3731,1
3732,0
3733,0
3734,1
3735,1
3736,1
3737,0
3738,0
3739,1
3740,0
3741,0
3742,0
3743,0
3744,1
3745,1
3746,0
3747,1
3748,0
3749,1
3750,1
3751,0
3752,0
3753,0
3754,1
3755,0
3756,0
3757,0
3758,1
3759,0
3760,1
3761,0
3762,0
3763,0
3764,1
3765,1
3766,1
3767,1
3768,1
3769,0
3770,1
3771,0
3772,0
3773,0
3774,0
3775,1
3776,1
3777,0
3778,1
3779,0
3780,0
3781,1
3782,0
3783,1
3784,1
3785,0
3786,0
3787,1
3788,1
3789,1
3790,0
3791,0
3792,1
3793,0
3794,0
3795,1
3796,0
3797,1
3798,0
3799,0
3800,1
3801,1
3802,0
3803,0
3804,1
3805,1
3806,1
3807,1
3808,0
3809,0
3810,1
3811,0
3812,1
3813,1
3814,0
3815,1
3816,1
3817,1
3818,1
3819,0
3820,1
3821,0
3822,0
3823,1
3824,0
3825,0
3826,1
3827,1
3828,0
3829,1
3830,0
3831,1
3832,1
3833,1
3834,0
3835,0
3836,1
3837,0
3838,1
3839,0
3840,0
3841,0
3842,1
3843,1
3844,0
3845,0
3846,0
3847,1
3848,1
3849,1
3850,1
3851,0
3852,1
3853,0
3854,0
3855,1
3856,1
3857,1
3858,0
3859,1
3860,1
3861,0
3862,1
3863,1
3864,1
3865,0
3866,1
3867,1
3868,1
3869,1
3870,1
3871,0
3872,1
3873,1
3874,1
3875,1
3876,1
3877,1
3878,1
3879,0
3880,0
3881,1
3882,1
3883,0
3884,1
3885,1
3886,1
3887,1
3888,1
3889,1
3890,0
3891,1
3892,0
3893,1
3894,0
3895,1
3896,1
3897,1
3898,1
3899,0
3900,1
3901,1
3902,0
3903,1
3904,1
3905,0
3906,1
3907,0
3908,0
3909,1
3910,0
3911,1
3912,0
3913,0
3914,0
3915,1
3916,1
3917,1
3918,0
3919,0
3920,0
3921,0
3922,0
3923,1
3924,1
3925,1
3926,1
3927,0
3928,1
3929,0
3930,0
3931,0
3932,0
3933,1
3934,0
3935,0
3936,0
3937,0
3938,1
3939,0
3940,0
3941,0
3942,1
3943,0
3944,0
3945,0
3946,0
3947,0
3948,0
3949,0
3950,1
3951,1
3952,1
3953,0
3954,1
3955,1
3956,0
3957,1
3958,0
3959,0
3960,1
3961,1
3962,0
3963,1
3964,1
3965,1
3966,0
3967,1
3968,0
3969,1
3970,0
3971,0
3972,0
3973,0
3974,1
3975,1
3976,1
3977,0
3978,1
3979,1
3980,1
3981,0
3982,1
3983,1
3984,0
3985,0
3986,0
3987,1
3988,1
3989,0
3990,1
3991,0
3992,0
3993,0
3994,1
3995,1
3996,0
3997,1
3998,1
3999,0
4000,0
4001,0
4002,0
4003,1
4004,0
4005,0
4006,1
4007,0
4008,0
4009,0
4010,1
4011,0
4012,0
4013,1
4014,0
4015,0
4016,0
4017,0
4018,0
4019,0
4020,0
4021,1
4022,1
4023,0
4024,0
4025,0
4026,0
4027,1
4028,1
4029,1
4030,0
4031,1
4032,0
4033,1
4034,0
4035,0
4036,1
4037,1
4038,1
4039,1
4040,1
4041,0
4042,0
4043,1
4044,0
4045,1
4046,0
4047,1
4048,0
4049,1
4050,1
4051,1
4052,1
4053,0
4054,0
4055,1
4056,1
4057,1
4058,0
4059,1
4060,0
4061,1
4062,0
4063,1
4064,0
4065,0
4066,0
4067,1
4068,0
4069,0
4070,1
4071,0
4072,1
4073,0
4074,1
4075,1
4076,1
4077,0
4078,1
4079,1
4080,0
4081,1
4082,0
4083,0
4084,0
4085,0
4086,1
4087,1
4088,0
4089,1
4090,1
4091,0
4092,0
4093,1
4094,1
4095,1
4096,1
4097,0
4098,0
4099,1
4100,1
4101,0
4102,1
4103,1
4104,1
4105,0
4106,1
4107,0
4108,1
4109,0
4110,1
4111,1
4112,1
4113,1
4114,1
4115,1
4116,0
4117,0
4118,0
4119,1
4120,0
4121,0
4122,0
4123,0
4124,1
4125,1
4126,0
4127,1
4128,1
4129,0
4130,1
4131,1
4132,1
4133,1
4134,0
4135,1
4136,0
4137,0
4138,0
4139,0
4140,1
4141,1
4142,0
4143,0
4144,1
4145,0
4146,1
4147,1
4148,1
4149,0
4150,1
4151,1
4152,0
4153,1
4154,0
4155,1
4156,0
4157,1
4158,1
4159,1
4160,1
4161,0
4162,0
4163,0
4164,0
4165,1
4166,1
4167,1
4168,0
4169,0
4170,1
4171,0
4172,1
4173,0
4174,0
4175,0
4176,0
4177,0
4178,1
4179,0
4180,0
4181,1
4182,1
4183,0
4184,0
4185,1
4186,1
4187,1
4188,1
4189,0
4190,1
4191,0
4192,0
4193,1
4194,0
4195,0
4196,1
4197,1
4198,1
4199,1
4200,0
4201,0
4202,0
4203,1
4204,0
4205,0
4206,1
4207,1
4208,1
4209,1
4210,0
4211,1
4212,1
4213,0
4214,1
4215,0
4216,0
4217,1
4218,0
4219,1
4220,1
4221,0
4222,1
4223,1
4224,1
4225,0
4226,0
4227,0
4228,0
4229,0
4230,1
4231,1
4232,0
4233,0
4234,1
4235,1
4236,1
4237,1
4238,0
4239,0
4240,0
4241,1
4242,0
4243,1
4244,0
4245,0
4246,1
4247,0
4248,1
4249,1
4250,0
4251,1
4252,1
4253,1
4254,1
4255,0
4256,0
4257,1
4258,1
4259,1
4260,1
4261,1
4262,0
4263,1
4264,1
4265,1
4266,0
4267,1
4268,0
4269,1
4270,0
4271,1
4272,0
4273,0
4274,1
4275,1
4276,0
4277,1
4278,0
4279,0
4280,1
4281,0
4282,1
4283,0
4284,1
4285,1
4286,1
4287,1
4288,1
4289,1
4290,1
4291,0
4292,0
4293,0
4294,1
4295,1
4296,0
4297,1
4298,1
4299,1
4300,1
4301,1
4302,1
4303,1
4304,0
4305,1
4306,1
4307,1
4308,0
4309,0
4310,0
4311,0
4312,1
4313,0
4314,0
4315,1
4316,1
4317,0
4318,1
4319,0
4320,0
4321,0
4322,0
4323,1
4324,0
4325,1
4326,1
4327,1
4328,0
4329,0
4330,0
4331,0
4332,1
4333,1
4334,1
4335,1
4336,0
4337,1
4338,1
4339,1
4340,0
4341,1
4342,0
4343,0
4344,1
4345,0
4346,0
4347,0
4348,0
4349,0
4350,1
4351,1
4352,0
4353,1
4354,0
4355,0
4356,0
4357,0
4358,1
4359,1
4360,0
4361,0
4362,0
4363,0
4364,1
4365,1
4366,1
4367,0
4368,0
4369,0
4370,0
4371,1
4372,0
4373,1
4374,1
4375,1
4376,1
4377,1
4378,1
4379,1
4380,0
4381,1
4382,0
4383,0
4384,0
4385,0
4386,0
4387,1
4388,1
4389,1
4390,0
4391,0
4392,0
4393,0
4394,0
4395,1
4396,1
4397,1
4398,1
4399,1
4400,1
4401,1
4402,0
4403,0
4404,1
4405,1
4406,1
4407,0
4408,0
4409,0
4410,1
4411,0
4412,0
4413,1
4414,1
4415,0
4416,1
4417,1
4418,1
4419,1
4420,1
4421,1
4422,0
4423,0
4424,0
4425,1
4426,1
4427,1
4428,1
4429,0
4430,0
4431,1
4432,0
4433,0
4434,1
4435,0
4436,0
4437,1
4438,1
4439,0
4440,1
4441,1
4442,0
4443,1
4444,0
4445,1
4446,1
4447,0
4448,0
4449,0
4450,1
4451,0
4452,1
4453,0
4454,1
4455,1
4456,0
4457,1
4458,1
4459,0
4460,0
4461,1
4462,1
4463,0
4464,1
4465,1
4466,0
4467,1
4468,0
4469,0
4470,1
4471,0
4472,1
4473,1
4474,0
4475,1
4476,1
4477,0
4478,0
4479,1
4480,0
4481,1
4482,0
4483,1
4484,0
4485,1
4486,0
4487,1
4488,1
4489,0
4490,0
4491,1
4492,1
4493,1
4494,1
4495,0
4496,0
4497,0
4498,0
4499,1
4500,1
4501,1
4502,1
4503,0
4504,0
4505,0
4506,1
4507,0
4508,0
4509,1
4510,1
4511,1
4512,0
4513,0
4514,1
4515,0
4516,1
4517,0
4518,1
4519,0
4520,0
4521,0
4522,1
4523,0
4524,1
4525,0
4526,0
4527,1
4528,0
4529,1
4530,1
4531,1
4532,0
4533,0
4534,0
4535,0
4536,1
4537,0
4538,1
4539,1
4540,0
4541,1
4542,1
4543,0
4544,1
4545,1
4546,0
4547,0
4548,0
4549,0
4550,0
4551,1
4552,0
4553,0
4554,0
4555,1
4556,1
4557,0
4558,1
4559,0
4560,0
4561,1
4562,1
4563,0
4564,0
4565,1
4566,1
4567,1
4568,0
4569,0
4570,1
4571,0
4572,1
4573,0
4574,1
4575,0
4576,1
4577,0
4578,0
4579,0
4580,0
4581,0
4582,1
4583,0
4584,0
4585,1
4586,1
4587,1
4588,0
4589,0
4590,0
4591,0
4592,1
4593,0
4594,1
4595,1
4596,0
4597,1
4598,1
4599,1
4600,0
4601,0
4602,1
4603,0
4604,0
4605,1
4606,1
4607,0
4608,0
4609,0
4610,0
4611,0
4612,0
4613,1
4614,0
4615,0
4616,0
4617,0
4618,0
4619,1
4620,1
4621,0
4622,1
4623,1
4624,0
4625,0
4626,0
4627,1
4628,1
4629,1
4630,0
4631,1
4632,1
4633,0
4634,0
4635,0
4636,1
4637,0
4638,0
4639,0
4640,0
4641,1
4642,1
4643,0
4644,0
4645,1
4646,1
4647,1
4648,0
4649,1
4650,1
4651,1
4652,1
4653,0
4654,0
4655,1
4656,0
4657,0
4658,1
4659,0
4660,1
4661,0
4662,0
4663,0
4664,1
4665,0
4666,1
4667,1
4668,0
4669,0
4670,0
4671,0
4672,0
4673,1
4674,0
4675,0
4676,0
4677,1
4678,1
4679,0
4680,1
4681,1
4682,1
4683,0
4684,0
4685,1
4686,0
4687,1
4688,1
4689,1
4690,0
4691,0
4692,1
4693,0
4694,0
4695,0
4696,1
4697,0
4698,0
4699,1
4700,0
4701,0
4702,1
4703,1
4704,1
4705,1
4706,0
4707,1
4708,0
4709,1
4710,1
4711,1
4712,1
4713,1
4714,1
4715,0
4716,0
4717,0
4718,1
4719,1
4720,1
4721,0
4722,1
4723,0
4724,0
4725,1
4726,0
4727,0
4728,1
4729,0
4730,1
4731,0
4732,1
4733,1
4734,1
4735,1
4736,0
4737,0
4738,0
4739,1
4740,0
4741,0
4742,1
4743,0
4744,1
4745,0
4746,0
4747,1
4748,0
4749,1
4750,0
4751,1
4752,1
4753,1
4754,0
4755,1
4756,1
4757,1
4758,1
4759,1
4760,0
4761,0
4762,0
4763,0
4764,0
4765,1
4766,0
4767,1
4768,0
4769,1
4770,1
4771,0
4772,1
4773,0
4774,0
4775,1
4776,1
4777,1
4778,1
4779,0
4780,0
4781,0
4782,0
4783,0
4784,0
4785,1
4786,1
4787,1
4788,0
4789,0
4790,1
4791,0
4792,1
4793,1
4794,1
4795,0
4796,1
4797,0
4798,1
4799,0
4800,1
4801,1
4802,0
4803,1
4804,1
4805,1
4806,0
4807,0
4808,1
4809,0
4810,1
4811,0
4812,0
4813,0
4814,0
4815,0
4816,0
4817,1
4818,0
4819,0
4820,0
4821,0
4822,1
4823,0
4824,1
4825,0
4826,1
4827,1
4828,0
4829,1
4830,0
4831,1
4832,0
4833,0
4834,1
4835,0
4836,0
4837,1
4838,0
4839,1
4840,0
4841,0
4842,1
4843,0
4844,0
4845,1
4846,0
4847,0
4848,0
4849,0
4850,0
4851,0
4852,1
4853,1
4854,0
4855,0
4856,0
4857,1
4858,1
4859,1
4860,1
4861,0
4862,1
4863,1
4864,1
4865,0
4866,1
4867,0
4868,1
4869,1
4870,0
4871,1
4872,0
4873,1
4874,0
4875,0
4876,0
4877,1
4878,0
4879,1
4880,0
4881,1
4882,0
4883,0
4884,1
4885,0
4886,0
4887,0
4888,0
4889,0
4890,0
4891,1
4892,1
4893,0
4894,0
4895,0
4896,1
4897,0
4898,1
4899,0
4900,1
4901,0
4902,1
4903,1
4904,0
4905,0
4906,1
4907,0
4908,1
4909,0
4910,1
4911,1
4912,1
4913,1
4914,0
4915,1
4916,1
4917,1
4918,0
4919,1
4920,0
4921,1
4922,1
4923,1
4924,1
4925,0
4926,0
4927,0
4928,1
4929,0
4930,1
4931,0
4932,1
4933,1
4934,0
4935,1
4936,1
4937,0
4938,1
4939,0
4940,0
4941,1
4942,1
4943,1
4944,0
4945,1
4946,0
4947,0
4948,0
4949,1
4950,0
4951,0
4952,0
4953,0
4954,1
4955,1
4956,0
4957,0
4958,0
4959,1
4960,0
4961,1
4962,0
4963,1
4964,1
4965,0
4966,0
4967,1
4968,0
4969,1
4970,1
4971,0
4972,1
4973,1
4974,1
4975,1
4976,0
4977,0
4978,1
4979,0
4980,1
4981,0
4982,0
4983,1
4984,0
4985,0
4986,0
4987,1
4988,1
4989,1
4990,0
4991,0
4992,1
4993,0
4994,1
4995,0
4996,1
4997,1
4998,0
4999,0
5000,1
5001,1
5002,0
5003,1
5004,1
5005,1
5006,0
5007,0
5008,1
5009,1
5010,0
5011,1
5012,1
5013,0
5014,0
5015,1
5016,0
5017,0
5018,1
5019,1
5020,1
5021,1
5022,0
5023,1
5024,0
5025,1
5026,1
5027,0
5028,0
5029,1
5030,0
5031,1
5032,1
5033,1
5034,1
5035,1
5036,0
5037,0
5038,0
5039,0
5040,1
5041,0
5042,1
5043,0
5044,1
5045,0
5046,0
5047,1
5048,0
5049,1
5050,1
5051,1
5052,1
5053,1
5054,1
5055,0
5056,1
5057,1
5058,0
5059,1
5060,1
5061,1
5062,0
5063,0
5064,0
5065,1
5066,0
5067,0
5068,0
5069,0
5070,1
5071,0
5072,1
5073,1
5074,0
5075,0
5076,0
5077,1
5078,0
5079,0
5080,0
5081,0
5082,1
5083,0
5084,1
5085,0
5086,1
5087,0
5088,1
5089,0
5090,1
5091,0
5092,1
5093,0
5094,1
5095,1
5096,1
5097,0
5098,0
5099,0
5100,1
5101,1
5102,1
5103,1
5104,0
5105,1
5106,1
5107,0
5108,1
5109,0
5110,0
5111,1
5112,0
5113,0
5114,1
5115,1
5116,1
5117,1
5118,1
5119,1
5120,1
5121,0
5122,1
5123,0
5124,0
5125,1
5126,1
5127,0
5128,1
5129,0
5130,0
5131,0
5132,0
5133,1
5134,0
5135,0
5136,1
5137,1
5138,1
5139,1
5140,1
5141,0
5142,0
5143,0
5144,1
5145,1
5146,0
5147,1
5148,1
5149,0
5150,0
5151,0
5152,1
5153,1
5154,1
5155,0
5156,1
5157,0
5158,1
5159,0
5160,0
5161,0
5162,0
5163,0
5164,1
5165,1
5166,0
5167,0
5168,1
5169,1
5170,1
5171,0
5172,1
5173,1
5174,0
5175,0
5176,1
5177,0
5178,0
5179,1
5180,0
5181,1
5182,1
5183,0
5184,1
5185,1
5186,1
5187,0
5188,1
5189,1
5190,0
5191,1
5192,1
5193,0
5194,1
5195,0
5196,1
5197,0
5198,1
5199,1
5200,0
5201,0
5202,0
5203,0
5204,0
5205,0
5206,0
5207,1
5208,0
5209,1
5210,0
5211,0
5212,1
5213,0
5214,1
5215,1
5216,1
5217,1
5218,0
5219,0
5220,0
5221,0
5222,1
5223,1
5224,1
5225,0
5226,0
5227,1
5228,1
5229,1
5230,1
5231,0
5232,1
5233,0
5234,1
5235,1
5236,0
5237,1
5238,0
5239,0
5240,0
5241,1
5242,0
5243,0
5244,0
5245,1
5246,1
5247,1
5248,0
5249,1
5250,0
5251,1
5252,0
5253,0
5254,1
5255,0
5256,0
5257,1
5258,0
5259,0
5260,1
5261,1
5262,1
5263,0
5264,1
5265,1
5266,1
5267,1
5268,1
5269,0
5270,1
5271,1
5272,1
5273,0
5274,1
5275,0
5276,1
5277,0
5278,0
5279,1
5280,0
5281,0
5282,1
5283,1
5284,0
5285,1
5286,1
5287,1
5288,0
5289,0
5290,0
5291,1
5292,0
5293,1
5294,1
5295,0
5296,1
5297,1
5298,1
5299,0
5300,0
5301,1
5302,1
5303,1
5304,1
5305,0
5306,1
5307,1
5308,1
5309,0
5310,1
5311,1
5312,1
5313,1
5314,1
5315,1
5316,0
5317,0
5318,0
5319,1
5320,0
5321,1
5322,0
5323,0
5324,0
5325,0
5326,0
5327,0
5328,1
5329,0
5330,0
5331,0
5332,0
5333,1
5334,1
5335,0
5336,0
5337,0
5338,1
5339,0
5340,0
5341,0
5342,1
5343,0
5344,0
5345,1
5346,0
5347,1
5348,1
5349,1
5350,0
5351,1
5352,0
5353,1
5354,0
5355,1
5356,0
5357,0
5358,1
5359,0
5360,1
5361,0
5362,0
5363,1
5364,0
5365,1
5366,1
5367,0
5368,0
5369,0
5370,1
5371,0
5372,0
5373,1
5374,1
5375,1
5376,0
5377,0
5378,0
5379,1
5380,0
5381,1
5382,1
5383,1
5384,0
5385,0
5386,1
5387,1
5388,1
5389,1
5390,0
5391,0
5392,0
5393,0
5394,0
5395,0
5396,1
5397,1
5398,1
5399,1
5400,0
5401,1
5402,1
5403,0
5404,0
5405,1
5406,0
5407,0
5408,0
5409,1
5410,1
5411,0
5412,0
5413,0
5414,0
5415,0
5416,0
5417,0
5418,1
5419,1
5420,0
5421,1
5422,0
5423,1
5424,1
5425,1
5426,1
5427,1
5428,0
5429,1
5430,1
5431,1
5432,0
5433,0
5434,0
5435,1
5436,0
5437,0
5438,0
5439,1
5440,0
5441,1
5442,1
5443,1
5444,1
5445,1
5446,0
5447,0
5448,1
5449,1
5450,0
5451,0
5452,1
5453,0
5454,1
5455,1
5456,0
5457,0
5458,0
5459,1
5460,0
5461,0
5462,0
5463,0
5464,0
5465,0
5466,0
5467,0
5468,1
5469,1
5470,0
5471,0
5472,1
5473,0
5474,0
5475,0
5476,0
5477,0
5478,0
5479,1
5480,1
5481,1
5482,1
5483,1
5484,1
5485,0
5486,1
5487,1
5488,1
5489,1
5490,1
5491,0
5492,0
5493,0
5494,0
5495,0
5496,1
5497,1
5498,0
5499,1
5500,0
5501,0
5502,0
5503,0
5504,1
5505,0
5506,1
5507,1
5508,0
5509,0
5510,0
5511,0
5512,0
5513,1
5514,1
5515,1
5516,0
5517,1
5518,0
5519,0
5520,0
5521,0
5522,1
5523,1
5524,0
5525,0
5526,0
5527,0
5528,1
5529,0
5530,0
5531,1
5532,0
5533,1
5534,0
5535,1
5536,1
5537,0
5538,1
5539,1
5540,1
5541,1
5542,1
5543,1
5544,1
5545,0
5546,0
5547,0
5548,0
5549,1
5550,0
5551,1
5552,1
5553,0
5554,1
5555,1
5556,0
5557,0
5558,1
5559,0
5560,1
5561,0
5562,1
5563,1
5564,1
5565,1
5566,1
5567,0
5568,1
5569,1
5570,0
5571,0
5572,1
5573,1
5574,1
5575,0
5576,0
5577,1
5578,0
5579,1
5580,1
5581,1
5582,0
5583,1
5584,0
5585,1
5586,1
5587,1
5588,0
5589,0
5590,1
5591,0
5592,1
5593,0
5594,1
5595,0
5596,1
5597,0
5598,0
5599,1
5600,0
5601,0
5602,0
5603,0
5604,0
5605,1
5606,1
5607,1
5608,1
5609,1
5610,0
5611,0
5612,1
5613,0
5614,0
5615,1
5616,0
5617,1
5618,1
5619,1
5620,0
5621,1
5622,1
5623,1
5624,0
5625,0
5626,1
5627,1
5628,1
5629,0
5630,1
5631,1
5632,1
5633,0
5634,1
5635,0
5636,1
5637,0
5638,1
5639,1
5640,0
5641,1
5642,1
5643,0
5644,0
5645,1
5646,0
5647,1
5648,0
5649,1
5650,0
5651,1
5652,1
5653,0
5654,1
5655,0
5656,1
5657,0
5658,1
5659,1
5660,1
5661,0
5662,1
5663,0
5664,0
5665,1
5666,1
5667,1
5668,1
5669,1
5670,0
5671,1
5672,1
5673,0
5674,1
5675,1
5676,0
5677,0
5678,1
5679,1
5680,0
5681,1
5682,0
5683,1
5684,1
5685,1
5686,1
5687,0
5688,1
5689,0
5690,1
5691,1
5692,0
5693,1
5694,1
5695,0
5696,1
5697,1
5698,0
5699,1
5700,0
5701,1
5702,1
5703,1
5704,1
5705,1
5706,1
5707,0
5708,0
5709,0
5710,1
5711,0
5712,0
5713,1
5714,1
5715,1
5716,1
5717,1
5718,1
5719,0
5720,1
5721,1
5722,0
5723,0
5724,1
5725,0
5726,0
5727,1
5728,1
5729,1
5730,1
5731,0
5732,1
5733,0
5734,1
5735,1
5736,0
5737,1
5738,0
5739,0
5740,1
5741,1
5742,1
5743,1
5744,1
5745,0
5746,1
5747,0
5748,0
5749,0
5750,1
5751,0
5752,0
5753,1
5754,1
5755,0
5756,1
5757,0
5758,0
5759,1
5760,1
5761,1
5762,1
5763,0
5764,0
5765,1
5766,0
5767,0
5768,0
5769,0
5770,0
5771,1
5772,1
5773,0
5774,1
5775,0
5776,1
5777,1
5778,1
5779,0
5780,1
5781,1
5782,0
5783,0
5784,0
5785,1
5786,1
5787,1
5788,1
5789,1
5790,0
5791,1
5792,0
5793,1
5794,1
5795,0
5796,1
5797,1
5798,0
5799,0
5800,0
5801,0
5802,1
5803,1
5804,0
5805,0
5806,0
5807,0
5808,1
5809,0
5810,0
5811,1
5812,0
5813,1
5814,1
5815,0
5816,1
5817,0
5818,1
5819,1
5820,0
5821,0
5822,1
5823,1
5824,1
5825,0
5826,0
5827,1
5828,0
5829,0
5830,1
5831,1
5832,0
5833,1
5834,0
5835,0
5836,1
5837,0
5838,0
5839,0
5840,0
5841,1
5842,0
5843,0
5844,0
5845,1
5846,0
5847,1
5848,0
5849,0
5850,1
5851,0
5852,1
5853,1
5854,1
5855,1
5856,1
5857,1
5858,0
5859,1
5860,1
5861,1
5862,1
5863,1
5864,1
5865,1
5866,0
5867,0
5868,1
5869,1
5870,1
5871,0
5872,1
5873,0
5874,1
5875,0
5876,1
5877,0
5878,0
5879,1
5880,0
5881,1
5882,0
5883,0
5884,1
5885,0
5886,0
5887,0
5888,0
5889,0
5890,0
5891,0
5892,0
5893,1
5894,1
5895,0
5896,0
5897,1
5898,1
5899,0
5900,0
5901,0
5902,0
5903,0
5904,0
5905,1
5906,0
5907,1
5908,1
5909,0
5910,0
5911,1
5912,1
5913,0
5914,0
5915,1
5916,1
5917,0
5918,1
5919,0
5920,1
5921,1
5922,0
5923,1
5924,0
5925,1
5926,0
5927,1
5928,1
5929,0
5930,1
5931,0
5932,1
5933,0
5934,0
5935,1
5936,0
5937,0
5938,0
5939,1
5940,0
5941,1
5942,0
5943,0
5944,0
5945,1
5946,0
5947,0
5948,0
5949,1
5950,1
5951,0
5952,0
